{
  "colors" : [
    {
      "color" : {
        "color-space" : "srgb",
        "components" : {
          "alpha" : "1.000",
          "blue" : "0x2A",
          "green" : "0x25",
          "red" : "0x24"
        }
      },
      "idiom" : "iphone"
    },
    {
      "appearances" : [
        {
          "appearance" : "contrast",
          "value" : "high"
        }
      ],
      "color" : {
        "color-space" : "srgb",
        "components" : {
          "alpha" : "1.000",
          "blue" : "0x89",
          "green" : "0x7B",
          "red" : "0x79"
        }
      },
      "idiom" : "iphone"
    }
  ],
  "info" : {
    "author" : "xcode",
    "version" : 1
  }
}
