{
  "colors" : [
    {
      "color" : {
        "color-space" : "srgb",
        "components" : {
          "alpha" : "1.000",
          "blue" : "0xA6",
          "green" : "0xA7",
          "red" : "0x4B"
        }
      },
      "idiom" : "iphone"
    },
    {
      "appearances" : [
        {
          "appearance" : "contrast",
          "value" : "high"
        }
      ],
      "color" : {
        "color-space" : "srgb",
        "components" : {
          "alpha" : "1.000",
          "blue" : "0xE6",
          "green" : "0xE8",
          "red" : "0x6B"
        }
      },
      "idiom" : "iphone"
    }
  ],
  "info" : {
    "author" : "xcode",
    "version" : 1
  }
}
